{
  "swagger": "2.0",
  "info": {
    "description": "Este é um exemplo simples de uma API NodeJS que utiliza o Swagger Documentation",
    "version": "1.0.0",
    "title": "API Tarefas",
    "contact": {
      "email": "abc@gmail.com"
    },
    "license": {
      "name": "Apache 2.0",
      "url": "http://www.apache.org/licenses/LICENSE-2.0.html"
    }
  },
  "schemes": ["http"],
  "host": "localhost:3080",
  "basePath": "/api",
  "paths": {
    "/todos": {
      "get": {
        "summary": "Consulta todas as tarefas",
        "description": "Consulta todas as tarefas",
        "produces": ["application/json"],
        "parameters": [],
        "responses": {
          "200": {
            "description": "Operação com successo",
            "schema": {
              "type": "array",
              "items": {
                "$ref": "#/definitions/todosResponse"
              }
            }
          },
          "400": {
            "description": "Valor do status invalido",
            "schema": {
              "$ref": "#/definitions/InvalidResponse"
            }
          }
        }
      }
    },
    "/todo": {
      "post": {
        "summary": "Cria uma tarefa",
        "description": "Cria uma tarefa",
        "produces": ["application/json"],
        "consumes": ["application/json"],
        "parameters": [
          {
            "in": "body",
            "name": "body",
            "description": "task object",
            "required": true,
            "schema": {
              "type": "object",
              "properties": {
                "task": {
                  "type": "object",
                  "$ref": "#/definitions/Task"
                }
              }
            }
          }
        ],
        "responses": {
          "200": {
            "description": "Operação com successo",
            "schema": {
              "type": "array",
              "items": {
                "$ref": "#/definitions/todosResponse"
              }
            }
          },
          "400": {
            "description": "Valor do status invalido",
            "schema": {
              "$ref": "#/definitions/InvalidResponse"
            }
          }
        }
      }
    },
    "/todos/{id}": {
      "put": {
        "summary": "Atualiza tarefas",
        "description": "Atualiza tarefas",
        "produces": ["application/json"],
        "parameters": [
          {
            "name": "id",
            "in": "path",
            "description": "Tarefa que precisa ser deletada",
            "required": true,
            "type": "string"
          },
          {
            "in": "body",
            "name": "body",
            "description": "Objeto Tarefa",
            "required": true,
            "schema": {
              "type": "object",
              "properties": {
                "task": {
                  "type": "object",
                  "$ref": "#/definitions/Task"
                }
              }
            }
          }
        ],
        "responses": {
          "200": {
            "description": "Oparacao com successo",
            "schema": {
              "type": "array",
              "items": {
                "$ref": "#/definitions/todosResponse"
              }
            }
          },
          "400": {
            "description": "Valor do status invalido",
            "schema": {
              "$ref": "#/definitions/InvalidResponse"
            }
          }
        }
      }
    },
    "/todo/{id}": {
      "delete": {
        "summary": "Deleta tarefa",
        "description": "Deleta tarefa",
        "produces": ["application/json"],
        "parameters": [
          {
            "name": "id",
            "in": "path",
            "description": "task id that needs to be deleted",
            "required": true,
            "type": "string"
          }
        ],
        "responses": {
          "200": {
            "description": "Operação com sucesso.",
            "schema": {
              "type": "array",
              "items": {
                "$ref": "#/definitions/todosResponse"
              }
            }
          },
          "400": {
            "description": "Valor do status invalido",
            "schema": {
              "$ref": "#/definitions/InvalidResponse"
            }
          }
        }
      }
    }
  },
  "definitions": {
    "todosResponse": {
      "type": "object",
      "properties": {
        "id": {
          "type": "integer"
        },
        "task": {
          "type": "string"
        },
        "assignee": {
          "type": "string"
        },
        "status": {
          "type": "string"
        }
      }
    },
    "Task": {
      "type": "object",
      "properties": {
        "task": {
          "type": "string"
        },
        "assignee": {
          "type": "string"
        },
        "status": {
          "type": "string"
        }
      }
    },
    "InvalidResponse": {
      "type": "object",
      "properties": {
        "statusCode": {
          "type": "string"
        },
        "message": {
          "type": "string"
        }
      }
    }
  }
}
